CLPID,Name,Year,Month,WifiSessions,WifiMinutes
CLP01,ALLEGHENY LIBRARY,2016,1,1037,148513
CLP01,ALLEGHENY LIBRARY,2016,2,1064,150948
CLP01,ALLEGHENY LIBRARY,2016,3,949,129484
CLP01,ALLEGHENY LIBRARY,2016,4,934,136196
CLP01,ALLEGHENY LIBRARY,2016,5,1018,135793
CLP01,ALLEGHENY LIBRARY,2016,6,1163,169426
CLP01,ALLEGHENY LIBRARY,2016,7,1352,208802
CLP01,ALLEGHENY LIBRARY,2016,8,1436,219842
CLP01,ALLEGHENY LIBRARY,2016,9,1222,180409
CLP01,ALLEGHENY LIBRARY,2016,10,1086,156120
CLP01,ALLEGHENY LIBRARY,2016,11,1038,141003
CLP01,ALLEGHENY LIBRARY,2016,12,925,140230
CLP01,ALLEGHENY LIBRARY,2017,1,1070,167159
CLP01,ALLEGHENY LIBRARY,2017,2,1029,148976
CLP01,ALLEGHENY LIBRARY,2017,3,1400,118952
CLP01,ALLEGHENY LIBRARY,2017,4,1725,155280
CLP01,ALLEGHENY LIBRARY,2017,5,1758,154950
CLP01,ALLEGHENY LIBRARY,2017,6,1943,161154
CLP01,ALLEGHENY LIBRARY,2017,7,1804,143425
CLP01,ALLEGHENY LIBRARY,2017,8,2274,195316
CLP01,ALLEGHENY LIBRARY,2017,9,2064,170576
CLP01,ALLEGHENY LIBRARY,2017,10,1896,159538
CLP01,ALLEGHENY LIBRARY,2017,11,1587,139323
CLP01,ALLEGHENY LIBRARY,2017,12,1364,123693
CLP01,ALLEGHENY LIBRARY,2018,1,1771,156736
CLP01,ALLEGHENY LIBRARY,2018,2,1749,162832
CLP01,ALLEGHENY LIBRARY,2018,3,1775,167774
CLP01,ALLEGHENY LIBRARY,2018,4,1577,158708
CLP02,BEECHVIEW LIBRARY,2016,1,417,66555
CLP02,BEECHVIEW LIBRARY,2016,2,422,60632
CLP02,BEECHVIEW LIBRARY,2016,3,479,68589
CLP02,BEECHVIEW LIBRARY,2016,4,464,64603
CLP02,BEECHVIEW LIBRARY,2016,5,548,77307
CLP02,BEECHVIEW LIBRARY,2016,6,547,77402
CLP02,BEECHVIEW LIBRARY,2016,7,506,74085
CLP02,BEECHVIEW LIBRARY,2016,8,502,75641
CLP02,BEECHVIEW LIBRARY,2016,9,528,73111
CLP02,BEECHVIEW LIBRARY,2016,10,631,85991
CLP02,BEECHVIEW LIBRARY,2016,11,567,79351
CLP02,BEECHVIEW LIBRARY,2016,12,313,43688
CLP02,BEECHVIEW LIBRARY,2017,1,591,84279
CLP02,BEECHVIEW LIBRARY,2017,2,565,78019
CLP02,BEECHVIEW LIBRARY,2017,3,774,98701
CLP02,BEECHVIEW LIBRARY,2017,4,718,94421
CLP02,BEECHVIEW LIBRARY,2017,5,644,90069
CLP02,BEECHVIEW LIBRARY,2017,6,864,119873
CLP02,BEECHVIEW LIBRARY,2017,7,751,100529
CLP02,BEECHVIEW LIBRARY,2017,8,808,106934
CLP02,BEECHVIEW LIBRARY,2017,9,737,95242
CLP02,BEECHVIEW LIBRARY,2017,10,760,101900
CLP02,BEECHVIEW LIBRARY,2017,11,668,90373
CLP02,BEECHVIEW LIBRARY,2017,12,629,84334
CLP02,BEECHVIEW LIBRARY,2018,1,640,84057
CLP02,BEECHVIEW LIBRARY,2018,2,668,86654
CLP02,BEECHVIEW LIBRARY,2018,3,783,104743
CLP02,BEECHVIEW LIBRARY,2018,4,795,82660
CLP03,BROOKLINE LIBRARY,2016,1,444,78159
CLP03,BROOKLINE LIBRARY,2016,2,530,82313
CLP03,BROOKLINE LIBRARY,2016,3,571,96609
CLP03,BROOKLINE LIBRARY,2016,4,492,86941
CLP03,BROOKLINE LIBRARY,2016,5,479,83251
CLP03,BROOKLINE LIBRARY,2016,6,485,75390
CLP03,BROOKLINE LIBRARY,2016,7,654,108004
CLP03,BROOKLINE LIBRARY,2016,8,719,117604
CLP03,BROOKLINE LIBRARY,2016,9,667,110562
CLP03,BROOKLINE LIBRARY,2016,10,686,112378
CLP03,BROOKLINE LIBRARY,2016,11,608,102630
CLP03,BROOKLINE LIBRARY,2016,12,505,85978
CLP03,BROOKLINE LIBRARY,2017,1,599,101389
CLP03,BROOKLINE LIBRARY,2017,2,610,102187
CLP03,BROOKLINE LIBRARY,2017,3,711,71864
CLP03,BROOKLINE LIBRARY,2017,4,852,83945
CLP03,BROOKLINE LIBRARY,2017,5,966,98238
CLP03,BROOKLINE LIBRARY,2017,6,878,85794
CLP03,BROOKLINE LIBRARY,2017,7,778,84538
CLP03,BROOKLINE LIBRARY,2017,8,843,90177
CLP03,BROOKLINE LIBRARY,2017,9,724,76706
CLP03,BROOKLINE LIBRARY,2017,10,838,90990
CLP03,BROOKLINE LIBRARY,2017,11,704,76203
CLP03,BROOKLINE LIBRARY,2017,12,573,64656
CLP03,BROOKLINE LIBRARY,2018,1,591,76556
CLP03,BROOKLINE LIBRARY,2018,2,570,74043
CLP03,BROOKLINE LIBRARY,2018,3,595,75283
CLP03,BROOKLINE LIBRARY,2018,4,594,68984
CLP04,CARRICK LIBRARY,2016,1,334,51018
CLP04,CARRICK LIBRARY,2016,2,381,56467
CLP04,CARRICK LIBRARY,2016,3,474,73493
CLP04,CARRICK LIBRARY,2016,4,348,51132
CLP04,CARRICK LIBRARY,2016,5,361,55257
CLP04,CARRICK LIBRARY,2016,6,440,64289
CLP04,CARRICK LIBRARY,2016,7,433,72978
CLP04,CARRICK LIBRARY,2016,8,387,63816
CLP04,CARRICK LIBRARY,2016,9,297,53879
CLP04,CARRICK LIBRARY,2016,10,350,64181
CLP04,CARRICK LIBRARY,2016,11,366,64079
CLP04,CARRICK LIBRARY,2016,12,327,55408
CLP04,CARRICK LIBRARY,2017,1,381,57311
CLP04,CARRICK LIBRARY,2017,2,351,55187
CLP04,CARRICK LIBRARY,2017,3,542,70021
CLP04,CARRICK LIBRARY,2017,4,597,73442
CLP04,CARRICK LIBRARY,2017,5,60,5775
CLP04,CARRICK LIBRARY,2017,6,1,157
CLP04,CARRICK LIBRARY,2017,7,0,0
CLP04,CARRICK LIBRARY,2017,8,0,0
CLP04,CARRICK LIBRARY,2017,9,0,0
CLP04,CARRICK LIBRARY,2017,10,0,0
CLP04,CARRICK LIBRARY,2017,11,0,0
CLP04,CARRICK LIBRARY,2017,12,0,0
CLP04,CARRICK LIBRARY,2018,1,0,0
CLP04,CARRICK LIBRARY,2018,2,0,0
CLP04,CARRICK LIBRARY,2018,3,0,0
CLP04,CARRICK LIBRARY,2018,4,0,0
CLP05,DOWNTOWN & BUSINESS LIBRARY,2016,1,2788,434392
CLP05,DOWNTOWN & BUSINESS LIBRARY,2016,2,2976,418802
CLP05,DOWNTOWN & BUSINESS LIBRARY,2016,3,3401,505377
CLP05,DOWNTOWN & BUSINESS LIBRARY,2016,4,3075,461172
CLP05,DOWNTOWN & BUSINESS LIBRARY,2016,5,3173,457657
CLP05,DOWNTOWN & BUSINESS LIBRARY,2016,6,2876,392848
CLP05,DOWNTOWN & BUSINESS LIBRARY,2016,7,2850,368905
CLP05,DOWNTOWN & BUSINESS LIBRARY,2016,8,3093,425975
CLP05,DOWNTOWN & BUSINESS LIBRARY,2016,9,2683,361098
CLP05,DOWNTOWN & BUSINESS LIBRARY,2016,10,2588,359421
CLP05,DOWNTOWN & BUSINESS LIBRARY,2016,11,3576,498140
CLP05,DOWNTOWN & BUSINESS LIBRARY,2016,12,3089,403471
CLP05,DOWNTOWN & BUSINESS LIBRARY,2017,1,3395,438874
CLP05,DOWNTOWN & BUSINESS LIBRARY,2017,2,3152,402668
CLP05,DOWNTOWN & BUSINESS LIBRARY,2017,3,3480,322031
CLP05,DOWNTOWN & BUSINESS LIBRARY,2017,4,4153,394182
CLP05,DOWNTOWN & BUSINESS LIBRARY,2017,5,4494,426659
CLP05,DOWNTOWN & BUSINESS LIBRARY,2017,6,4395,431848
CLP05,DOWNTOWN & BUSINESS LIBRARY,2017,7,4166,429342
CLP05,DOWNTOWN & BUSINESS LIBRARY,2017,8,4497,452198
CLP05,DOWNTOWN & BUSINESS LIBRARY,2017,9,4051,420352
CLP05,DOWNTOWN & BUSINESS LIBRARY,2017,10,4392,471678
CLP05,DOWNTOWN & BUSINESS LIBRARY,2017,11,4002,403853
CLP05,DOWNTOWN & BUSINESS LIBRARY,2017,12,3483,372919
CLP05,DOWNTOWN & BUSINESS LIBRARY,2018,1,4206,466930
CLP05,DOWNTOWN & BUSINESS LIBRARY,2018,2,4513,474687
CLP05,DOWNTOWN & BUSINESS LIBRARY,2018,3,4325,482870
CLP05,DOWNTOWN & BUSINESS LIBRARY,2018,4,3930,433678
CLP06,EAST LIBERTY LIBRARY,2016,1,1435,225293
CLP06,EAST LIBERTY LIBRARY,2016,2,1704,248737
CLP06,EAST LIBERTY LIBRARY,2016,3,1800,266959
CLP06,EAST LIBERTY LIBRARY,2016,4,1667,256449
CLP06,EAST LIBERTY LIBRARY,2016,5,1629,238020
CLP06,EAST LIBERTY LIBRARY,2016,6,1784,272673
CLP06,EAST LIBERTY LIBRARY,2016,7,2447,412029
CLP06,EAST LIBERTY LIBRARY,2016,8,2059,321249
CLP06,EAST LIBERTY LIBRARY,2016,9,1793,280037
CLP06,EAST LIBERTY LIBRARY,2016,10,1908,289084
CLP06,EAST LIBERTY LIBRARY,2016,11,1786,275401
CLP06,EAST LIBERTY LIBRARY,2016,12,1509,243734
CLP06,EAST LIBERTY LIBRARY,2017,1,2093,329518
CLP06,EAST LIBERTY LIBRARY,2017,2,1945,304550
CLP06,EAST LIBERTY LIBRARY,2017,3,2411,220642
CLP06,EAST LIBERTY LIBRARY,2017,4,2038,205104
CLP06,EAST LIBERTY LIBRARY,2017,5,2307,217718
CLP06,EAST LIBERTY LIBRARY,2017,6,2538,251823
CLP06,EAST LIBERTY LIBRARY,2017,7,3091,295997
CLP06,EAST LIBERTY LIBRARY,2017,8,3008,272840
CLP06,EAST LIBERTY LIBRARY,2017,9,2594,234042
CLP06,EAST LIBERTY LIBRARY,2017,10,2655,240201
CLP06,EAST LIBERTY LIBRARY,2017,11,2439,231645
CLP06,EAST LIBERTY LIBRARY,2017,12,2210,221552
CLP06,EAST LIBERTY LIBRARY,2018,1,2285,245462
CLP06,EAST LIBERTY LIBRARY,2018,2,2603,265965
CLP06,EAST LIBERTY LIBRARY,2018,3,2409,247563
CLP06,EAST LIBERTY LIBRARY,2018,4,2415,258019
CLP07,HAZELWOOD LIBRARY,2016,1,597,87330
CLP07,HAZELWOOD LIBRARY,2016,2,557,82770
CLP07,HAZELWOOD LIBRARY,2016,3,596,91907
CLP07,HAZELWOOD LIBRARY,2016,4,658,96020
CLP07,HAZELWOOD LIBRARY,2016,5,769,108934
CLP07,HAZELWOOD LIBRARY,2016,6,837,116125
CLP07,HAZELWOOD LIBRARY,2016,7,1051,174048
CLP07,HAZELWOOD LIBRARY,2016,8,794,111296
CLP07,HAZELWOOD LIBRARY,2016,9,559,74805
CLP07,HAZELWOOD LIBRARY,2016,10,568,72113
CLP07,HAZELWOOD LIBRARY,2016,11,551,70596
CLP07,HAZELWOOD LIBRARY,2016,12,431,59460
CLP07,HAZELWOOD LIBRARY,2017,1,550,74418
CLP07,HAZELWOOD LIBRARY,2017,2,570,79646
CLP07,HAZELWOOD LIBRARY,2017,3,491,53924
CLP07,HAZELWOOD LIBRARY,2017,4,539,66371
CLP07,HAZELWOOD LIBRARY,2017,5,668,72107
CLP07,HAZELWOOD LIBRARY,2017,6,735,72304
CLP07,HAZELWOOD LIBRARY,2017,7,901,102729
CLP07,HAZELWOOD LIBRARY,2017,8,904,96938
CLP07,HAZELWOOD LIBRARY,2017,9,800,81691
CLP07,HAZELWOOD LIBRARY,2017,10,669,70376
CLP07,HAZELWOOD LIBRARY,2017,11,675,77925
CLP07,HAZELWOOD LIBRARY,2017,12,696,87328
CLP07,HAZELWOOD LIBRARY,2018,1,832,112904
CLP07,HAZELWOOD LIBRARY,2018,2,603,82302
CLP07,HAZELWOOD LIBRARY,2018,3,606,79412
CLP07,HAZELWOOD LIBRARY,2018,4,597,80112
CLP08,HILL DISTRICT LIBRARY,2016,1,711,84614
CLP08,HILL DISTRICT LIBRARY,2016,2,717,102140
CLP08,HILL DISTRICT LIBRARY,2016,3,87,12174
CLP08,HILL DISTRICT LIBRARY,2016,4,628,86907
CLP08,HILL DISTRICT LIBRARY,2016,5,738,98593
CLP08,HILL DISTRICT LIBRARY,2016,6,685,88184
CLP08,HILL DISTRICT LIBRARY,2016,7,667,92089
CLP08,HILL DISTRICT LIBRARY,2016,8,656,90837
CLP08,HILL DISTRICT LIBRARY,2016,9,729,104370
CLP08,HILL DISTRICT LIBRARY,2016,10,743,110669
CLP08,HILL DISTRICT LIBRARY,2016,11,745,110552
CLP08,HILL DISTRICT LIBRARY,2016,12,587,86060
CLP08,HILL DISTRICT LIBRARY,2017,1,913,132680
CLP08,HILL DISTRICT LIBRARY,2017,2,850,124741
CLP08,HILL DISTRICT LIBRARY,2017,3,839,78839
CLP08,HILL DISTRICT LIBRARY,2017,4,1133,111681
CLP08,HILL DISTRICT LIBRARY,2017,5,1175,118481
CLP08,HILL DISTRICT LIBRARY,2017,6,1140,105793
CLP08,HILL DISTRICT LIBRARY,2017,7,1172,108938
CLP08,HILL DISTRICT LIBRARY,2017,8,1359,136645
CLP08,HILL DISTRICT LIBRARY,2017,9,1167,125592
CLP08,HILL DISTRICT LIBRARY,2017,10,1150,126317
CLP08,HILL DISTRICT LIBRARY,2017,11,999,113094
CLP08,HILL DISTRICT LIBRARY,2017,12,989,109180
CLP08,HILL DISTRICT LIBRARY,2018,1,868,87175
CLP08,HILL DISTRICT LIBRARY,2018,2,1127,118975
CLP08,HILL DISTRICT LIBRARY,2018,3,988,119122
CLP08,HILL DISTRICT LIBRARY,2018,4,960,109554
CLP09,HOMEWOOD LIBRARY,2016,1,787,124194
CLP09,HOMEWOOD LIBRARY,2016,2,770,113347
CLP09,HOMEWOOD LIBRARY,2016,3,856,125007
CLP09,HOMEWOOD LIBRARY,2016,4,815,118013
CLP09,HOMEWOOD LIBRARY,2016,5,983,138734
CLP09,HOMEWOOD LIBRARY,2016,6,1050,147033
CLP09,HOMEWOOD LIBRARY,2016,7,724,99312
CLP09,HOMEWOOD LIBRARY,2016,8,1320,191828
CLP09,HOMEWOOD LIBRARY,2016,9,1271,188351
CLP09,HOMEWOOD LIBRARY,2016,10,1173,175276
CLP09,HOMEWOOD LIBRARY,2016,11,905,138454
CLP09,HOMEWOOD LIBRARY,2016,12,709,112027
CLP09,HOMEWOOD LIBRARY,2017,1,999,159949
CLP09,HOMEWOOD LIBRARY,2017,2,975,148075
CLP09,HOMEWOOD LIBRARY,2017,3,1080,124844
CLP09,HOMEWOOD LIBRARY,2017,4,1130,132588
CLP09,HOMEWOOD LIBRARY,2017,5,1289,137499
CLP09,HOMEWOOD LIBRARY,2017,6,1417,164269
CLP09,HOMEWOOD LIBRARY,2017,7,1540,172359
CLP09,HOMEWOOD LIBRARY,2017,8,1546,200175
CLP09,HOMEWOOD LIBRARY,2017,9,1230,141782
CLP09,HOMEWOOD LIBRARY,2017,10,1204,145948
CLP09,HOMEWOOD LIBRARY,2017,11,955,119982
CLP09,HOMEWOOD LIBRARY,2017,12,779,100076
CLP09,HOMEWOOD LIBRARY,2018,1,996,129871
CLP09,HOMEWOOD LIBRARY,2018,2,1080,142155
CLP09,HOMEWOOD LIBRARY,2018,3,984,135095
CLP09,HOMEWOOD LIBRARY,2018,4,1051,134361
CLP10,KNOXVILLE LIBRARY,2016,1,0,0
CLP10,KNOXVILLE LIBRARY,2016,2,0,0
CLP10,KNOXVILLE LIBRARY,2016,3,0,0
CLP10,KNOXVILLE LIBRARY,2016,4,0,0
CLP10,KNOXVILLE LIBRARY,2016,5,0,0
CLP10,KNOXVILLE LIBRARY,2016,6,315,47922
CLP10,KNOXVILLE LIBRARY,2016,7,744,114125
CLP10,KNOXVILLE LIBRARY,2016,8,714,83447
CLP10,KNOXVILLE LIBRARY,2016,9,495,69930
CLP10,KNOXVILLE LIBRARY,2016,10,873,129245
CLP10,KNOXVILLE LIBRARY,2016,11,1077,165453
CLP10,KNOXVILLE LIBRARY,2016,12,735,122218
CLP10,KNOXVILLE LIBRARY,2017,1,970,144553
CLP10,KNOXVILLE LIBRARY,2017,2,781,121726
CLP10,KNOXVILLE LIBRARY,2017,3,943,108774
CLP10,KNOXVILLE LIBRARY,2017,4,1278,142776
CLP10,KNOXVILLE LIBRARY,2017,5,1614,182745
CLP10,KNOXVILLE LIBRARY,2017,6,2064,228400
CLP10,KNOXVILLE LIBRARY,2017,7,1953,215446
CLP10,KNOXVILLE LIBRARY,2017,8,1438,202777
CLP10,KNOXVILLE LIBRARY,2017,9,1519,185028
CLP10,KNOXVILLE LIBRARY,2017,10,1697,205761
CLP10,KNOXVILLE LIBRARY,2017,11,1489,186696
CLP10,KNOXVILLE LIBRARY,2017,12,1113,135098
CLP10,KNOXVILLE LIBRARY,2018,1,1097,144795
CLP10,KNOXVILLE LIBRARY,2018,2,1100,137018
CLP10,KNOXVILLE LIBRARY,2018,3,1145,151162
CLP10,KNOXVILLE LIBRARY,2018,4,1020,131729
CLP11,LAWRENCEVILLE LIBRARY,2016,1,271,44463
CLP11,LAWRENCEVILLE LIBRARY,2016,2,369,50983
CLP11,LAWRENCEVILLE LIBRARY,2016,3,169,24270
CLP11,LAWRENCEVILLE LIBRARY,2016,4,0,0
CLP11,LAWRENCEVILLE LIBRARY,2016,5,453,68544
CLP11,LAWRENCEVILLE LIBRARY,2016,6,474,79402
CLP11,LAWRENCEVILLE LIBRARY,2016,7,406,62365
CLP11,LAWRENCEVILLE LIBRARY,2016,8,449,73998
CLP11,LAWRENCEVILLE LIBRARY,2016,9,321,44947
CLP11,LAWRENCEVILLE LIBRARY,2016,10,314,43072
CLP11,LAWRENCEVILLE LIBRARY,2016,11,349,50999
CLP11,LAWRENCEVILLE LIBRARY,2016,12,302,40567
CLP11,LAWRENCEVILLE LIBRARY,2017,1,441,70790
CLP11,LAWRENCEVILLE LIBRARY,2017,2,451,70355
CLP11,LAWRENCEVILLE LIBRARY,2017,3,485,62730
CLP11,LAWRENCEVILLE LIBRARY,2017,4,474,67251
CLP11,LAWRENCEVILLE LIBRARY,2017,5,627,79195
CLP11,LAWRENCEVILLE LIBRARY,2017,6,490,57643
CLP11,LAWRENCEVILLE LIBRARY,2017,7,417,51014
CLP11,LAWRENCEVILLE LIBRARY,2017,8,485,58370
CLP11,LAWRENCEVILLE LIBRARY,2017,9,543,68474
CLP11,LAWRENCEVILLE LIBRARY,2017,10,565,62587
CLP11,LAWRENCEVILLE LIBRARY,2017,11,488,62360
CLP11,LAWRENCEVILLE LIBRARY,2017,12,443,57011
CLP11,LAWRENCEVILLE LIBRARY,2018,1,393,51434
CLP11,LAWRENCEVILLE LIBRARY,2018,2,458,60049
CLP11,LAWRENCEVILLE LIBRARY,2018,3,503,65248
CLP11,LAWRENCEVILLE LIBRARY,2018,4,434,59590
CLP12,LIBRARY FOR THE BLIND & PHYSICALLY HANDICAPPED,2016,1,139,36001
CLP12,LIBRARY FOR THE BLIND & PHYSICALLY HANDICAPPED,2016,2,141,40829
CLP12,LIBRARY FOR THE BLIND & PHYSICALLY HANDICAPPED,2016,3,155,42366
CLP12,LIBRARY FOR THE BLIND & PHYSICALLY HANDICAPPED,2016,4,176,43185
CLP12,LIBRARY FOR THE BLIND & PHYSICALLY HANDICAPPED,2016,5,132,36753
CLP12,LIBRARY FOR THE BLIND & PHYSICALLY HANDICAPPED,2016,6,173,43519
CLP12,LIBRARY FOR THE BLIND & PHYSICALLY HANDICAPPED,2016,7,170,47401
CLP12,LIBRARY FOR THE BLIND & PHYSICALLY HANDICAPPED,2016,8,240,57399
CLP12,LIBRARY FOR THE BLIND & PHYSICALLY HANDICAPPED,2016,9,206,53828
CLP12,LIBRARY FOR THE BLIND & PHYSICALLY HANDICAPPED,2016,10,321,75183
CLP12,LIBRARY FOR THE BLIND & PHYSICALLY HANDICAPPED,2016,11,308,73688
CLP12,LIBRARY FOR THE BLIND & PHYSICALLY HANDICAPPED,2016,12,246,52585
CLP12,LIBRARY FOR THE BLIND & PHYSICALLY HANDICAPPED,2017,1,295,69804
CLP12,LIBRARY FOR THE BLIND & PHYSICALLY HANDICAPPED,2017,2,272,59189
CLP12,LIBRARY FOR THE BLIND & PHYSICALLY HANDICAPPED,2017,3,430,63834
CLP12,LIBRARY FOR THE BLIND & PHYSICALLY HANDICAPPED,2017,4,414,67547
CLP12,LIBRARY FOR THE BLIND & PHYSICALLY HANDICAPPED,2017,5,427,68301
CLP12,LIBRARY FOR THE BLIND & PHYSICALLY HANDICAPPED,2017,6,299,57017
CLP12,LIBRARY FOR THE BLIND & PHYSICALLY HANDICAPPED,2017,7,262,52298
CLP12,LIBRARY FOR THE BLIND & PHYSICALLY HANDICAPPED,2017,8,263,49966
CLP12,LIBRARY FOR THE BLIND & PHYSICALLY HANDICAPPED,2017,9,259,47941
CLP12,LIBRARY FOR THE BLIND & PHYSICALLY HANDICAPPED,2017,10,333,58114
CLP12,LIBRARY FOR THE BLIND & PHYSICALLY HANDICAPPED,2017,11,248,46808
CLP12,LIBRARY FOR THE BLIND & PHYSICALLY HANDICAPPED,2017,12,210,35585
CLP12,LIBRARY FOR THE BLIND & PHYSICALLY HANDICAPPED,2018,1,163,26333
CLP12,LIBRARY FOR THE BLIND & PHYSICALLY HANDICAPPED,2018,2,119,17090
CLP12,LIBRARY FOR THE BLIND & PHYSICALLY HANDICAPPED,2018,3,138,18758
CLP12,LIBRARY FOR THE BLIND & PHYSICALLY HANDICAPPED,2018,4,319,64436
CLP13,MAIN (OAKLAND) LIBRARY,2016,1,7087,1200644
CLP13,MAIN (OAKLAND) LIBRARY,2016,2,8206,1342603
CLP13,MAIN (OAKLAND) LIBRARY,2016,3,8952,1424387
CLP13,MAIN (OAKLAND) LIBRARY,2016,4,10453,1554645
CLP13,MAIN (OAKLAND) LIBRARY,2016,5,7845,1276584
CLP13,MAIN (OAKLAND) LIBRARY,2016,6,7895,1250739
CLP13,MAIN (OAKLAND) LIBRARY,2016,7,9284,1410376
CLP13,MAIN (OAKLAND) LIBRARY,2016,8,9414,1482700
CLP13,MAIN (OAKLAND) LIBRARY,2016,9,10342,1518846
CLP13,MAIN (OAKLAND) LIBRARY,2016,10,11014,1584167
CLP13,MAIN (OAKLAND) LIBRARY,2016,11,10154,1529711
CLP13,MAIN (OAKLAND) LIBRARY,2016,12,8299,1280550
CLP13,MAIN (OAKLAND) LIBRARY,2017,1,8854,1397171
CLP13,MAIN (OAKLAND) LIBRARY,2017,2,9827,1442320
CLP13,MAIN (OAKLAND) LIBRARY,2017,3,8270,965521
CLP13,MAIN (OAKLAND) LIBRARY,2017,4,13674,1660860
CLP13,MAIN (OAKLAND) LIBRARY,2017,5,10535,1301453
CLP13,MAIN (OAKLAND) LIBRARY,2017,6,10235,1251495
CLP13,MAIN (OAKLAND) LIBRARY,2017,7,10019,1230756
CLP13,MAIN (OAKLAND) LIBRARY,2017,8,10570,1291570
CLP13,MAIN (OAKLAND) LIBRARY,2017,9,12395,1509808
CLP13,MAIN (OAKLAND) LIBRARY,2017,10,14652,1828569
CLP13,MAIN (OAKLAND) LIBRARY,2017,11,12989,1595224
CLP13,MAIN (OAKLAND) LIBRARY,2017,12,12215,1524219
CLP13,MAIN (OAKLAND) LIBRARY,2018,1,12052,1401042
CLP13,MAIN (OAKLAND) LIBRARY,2018,2,13190,1615842
CLP13,MAIN (OAKLAND) LIBRARY,2018,3,12641,1645668
CLP13,MAIN (OAKLAND) LIBRARY,2018,4,15195,2040334
CLP14,MOUNT WASHINGTON LIBRARY,2016,1,126,22000
CLP14,MOUNT WASHINGTON LIBRARY,2016,2,166,33396
CLP14,MOUNT WASHINGTON LIBRARY,2016,3,287,52462
CLP14,MOUNT WASHINGTON LIBRARY,2016,4,245,44554
CLP14,MOUNT WASHINGTON LIBRARY,2016,5,258,49846
CLP14,MOUNT WASHINGTON LIBRARY,2016,6,285,48570
CLP14,MOUNT WASHINGTON LIBRARY,2016,7,320,53268
CLP14,MOUNT WASHINGTON LIBRARY,2016,8,295,52322
CLP14,MOUNT WASHINGTON LIBRARY,2016,9,314,59119
CLP14,MOUNT WASHINGTON LIBRARY,2016,10,297,51836
CLP14,MOUNT WASHINGTON LIBRARY,2016,11,208,40253
CLP14,MOUNT WASHINGTON LIBRARY,2016,12,158,27763
CLP14,MOUNT WASHINGTON LIBRARY,2017,1,167,30460
CLP14,MOUNT WASHINGTON LIBRARY,2017,2,215,37385
CLP14,MOUNT WASHINGTON LIBRARY,2017,3,226,35967
CLP14,MOUNT WASHINGTON LIBRARY,2017,4,361,53926
CLP14,MOUNT WASHINGTON LIBRARY,2017,5,355,53109
CLP14,MOUNT WASHINGTON LIBRARY,2017,6,479,69551
CLP14,MOUNT WASHINGTON LIBRARY,2017,7,523,74281
CLP14,MOUNT WASHINGTON LIBRARY,2017,8,472,70147
CLP14,MOUNT WASHINGTON LIBRARY,2017,9,340,54662
CLP14,MOUNT WASHINGTON LIBRARY,2017,10,329,57142
CLP14,MOUNT WASHINGTON LIBRARY,2017,11,356,58790
CLP14,MOUNT WASHINGTON LIBRARY,2017,12,253,46653
CLP14,MOUNT WASHINGTON LIBRARY,2018,1,278,49812
CLP14,MOUNT WASHINGTON LIBRARY,2018,2,251,50034
CLP14,MOUNT WASHINGTON LIBRARY,2018,3,267,47933
CLP14,MOUNT WASHINGTON LIBRARY,2018,4,196,31180
CLP15,SHERADEN LIBRARY,2016,1,810,119348
CLP15,SHERADEN LIBRARY,2016,2,772,121546
CLP15,SHERADEN LIBRARY,2016,3,890,122669
CLP15,SHERADEN LIBRARY,2016,4,804,112754
CLP15,SHERADEN LIBRARY,2016,5,767,107478
CLP15,SHERADEN LIBRARY,2016,6,432,55346
CLP15,SHERADEN LIBRARY,2016,7,585,87554
CLP15,SHERADEN LIBRARY,2016,8,680,94673
CLP15,SHERADEN LIBRARY,2016,9,678,86998
CLP15,SHERADEN LIBRARY,2016,10,894,114470
CLP15,SHERADEN LIBRARY,2016,11,824,108541
CLP15,SHERADEN LIBRARY,2016,12,669,92573
CLP15,SHERADEN LIBRARY,2017,1,1002,146451
CLP15,SHERADEN LIBRARY,2017,2,866,118518
CLP15,SHERADEN LIBRARY,2017,3,873,122765
CLP15,SHERADEN LIBRARY,2017,4,948,159189
CLP15,SHERADEN LIBRARY,2017,5,1233,207485
CLP15,SHERADEN LIBRARY,2017,6,1139,207932
CLP15,SHERADEN LIBRARY,2017,7,845,135146
CLP15,SHERADEN LIBRARY,2017,8,854,119218
CLP15,SHERADEN LIBRARY,2017,9,1122,155246
CLP15,SHERADEN LIBRARY,2017,10,1311,180324
CLP15,SHERADEN LIBRARY,2017,11,941,135815
CLP15,SHERADEN LIBRARY,2017,12,792,126166
CLP15,SHERADEN LIBRARY,2018,1,1057,173521
CLP15,SHERADEN LIBRARY,2018,2,647,110220
CLP15,SHERADEN LIBRARY,2018,3,585,95175
CLP15,SHERADEN LIBRARY,2018,4,737,108268
CLP16,SOUTH SIDE LIBRARY,2016,1,469,85340
CLP16,SOUTH SIDE LIBRARY,2016,2,466,80481
CLP16,SOUTH SIDE LIBRARY,2016,3,574,100212
CLP16,SOUTH SIDE LIBRARY,2016,4,688,109812
CLP16,SOUTH SIDE LIBRARY,2016,5,739,111279
CLP16,SOUTH SIDE LIBRARY,2016,6,948,137860
CLP16,SOUTH SIDE LIBRARY,2016,7,943,142641
CLP16,SOUTH SIDE LIBRARY,2016,8,824,135895
CLP16,SOUTH SIDE LIBRARY,2016,9,598,104448
CLP16,SOUTH SIDE LIBRARY,2016,10,578,100100
CLP16,SOUTH SIDE LIBRARY,2016,11,584,104033
CLP16,SOUTH SIDE LIBRARY,2016,12,535,86191
CLP16,SOUTH SIDE LIBRARY,2017,1,500,90041
CLP16,SOUTH SIDE LIBRARY,2017,2,520,95915
CLP16,SOUTH SIDE LIBRARY,2017,3,571,83140
CLP16,SOUTH SIDE LIBRARY,2017,4,713,75985
CLP16,SOUTH SIDE LIBRARY,2017,5,785,80498
CLP16,SOUTH SIDE LIBRARY,2017,6,802,90113
CLP16,SOUTH SIDE LIBRARY,2017,7,986,101918
CLP16,SOUTH SIDE LIBRARY,2017,8,956,104336
CLP16,SOUTH SIDE LIBRARY,2017,9,1026,117288
CLP16,SOUTH SIDE LIBRARY,2017,10,1054,132260
CLP16,SOUTH SIDE LIBRARY,2017,11,814,100434
CLP16,SOUTH SIDE LIBRARY,2017,12,903,120872
CLP16,SOUTH SIDE LIBRARY,2018,1,828,116356
CLP16,SOUTH SIDE LIBRARY,2018,2,813,110012
CLP16,SOUTH SIDE LIBRARY,2018,3,828,110540
CLP16,SOUTH SIDE LIBRARY,2018,4,795,100382
CLP17,SQUIRREL HILL LIBRARY,2016,1,3595,617331
CLP17,SQUIRREL HILL LIBRARY,2016,2,3648,579971
CLP17,SQUIRREL HILL LIBRARY,2016,3,3861,617719
CLP17,SQUIRREL HILL LIBRARY,2016,4,3881,615485
CLP17,SQUIRREL HILL LIBRARY,2016,5,3743,581254
CLP17,SQUIRREL HILL LIBRARY,2016,6,3770,583543
CLP17,SQUIRREL HILL LIBRARY,2016,7,3518,539427
CLP17,SQUIRREL HILL LIBRARY,2016,8,4217,635866
CLP17,SQUIRREL HILL LIBRARY,2016,9,3541,534401
CLP17,SQUIRREL HILL LIBRARY,2016,10,3674,564901
CLP17,SQUIRREL HILL LIBRARY,2016,11,3677,557751
CLP17,SQUIRREL HILL LIBRARY,2016,12,2977,471080
CLP17,SQUIRREL HILL LIBRARY,2017,1,3749,576312
CLP17,SQUIRREL HILL LIBRARY,2017,2,3864,593659
CLP17,SQUIRREL HILL LIBRARY,2017,3,4537,485057
CLP17,SQUIRREL HILL LIBRARY,2017,4,5070,573289
CLP17,SQUIRREL HILL LIBRARY,2017,5,4805,536659
CLP17,SQUIRREL HILL LIBRARY,2017,6,4808,529202
CLP17,SQUIRREL HILL LIBRARY,2017,7,4887,552647
CLP17,SQUIRREL HILL LIBRARY,2017,8,5611,625576
CLP17,SQUIRREL HILL LIBRARY,2017,9,4864,552932
CLP17,SQUIRREL HILL LIBRARY,2017,10,5241,605923
CLP17,SQUIRREL HILL LIBRARY,2017,11,5052,591275
CLP17,SQUIRREL HILL LIBRARY,2017,12,4639,557105
CLP17,SQUIRREL HILL LIBRARY,2018,1,4574,628896
CLP17,SQUIRREL HILL LIBRARY,2018,2,5022,696437
CLP17,SQUIRREL HILL LIBRARY,2018,3,5427,752002
CLP17,SQUIRREL HILL LIBRARY,2018,4,4980,680938
CLP18,WEST END LIBRARY,2016,1,284,50327
CLP18,WEST END LIBRARY,2016,2,321,51463
CLP18,WEST END LIBRARY,2016,3,298,46441
CLP18,WEST END LIBRARY,2016,4,308,46038
CLP18,WEST END LIBRARY,2016,5,342,51965
CLP18,WEST END LIBRARY,2016,6,355,55247
CLP18,WEST END LIBRARY,2016,7,394,64448
CLP18,WEST END LIBRARY,2016,8,417,66805
CLP18,WEST END LIBRARY,2016,9,407,69931
CLP18,WEST END LIBRARY,2016,10,354,60605
CLP18,WEST END LIBRARY,2016,11,302,53890
CLP18,WEST END LIBRARY,2016,12,217,38516
CLP18,WEST END LIBRARY,2017,1,251,45518
CLP18,WEST END LIBRARY,2017,2,275,52716
CLP18,WEST END LIBRARY,2017,3,275,40298
CLP18,WEST END LIBRARY,2017,4,362,45762
CLP18,WEST END LIBRARY,2017,5,326,35807
CLP18,WEST END LIBRARY,2017,6,335,37675
CLP18,WEST END LIBRARY,2017,7,425,50266
CLP18,WEST END LIBRARY,2017,8,482,57133
CLP18,WEST END LIBRARY,2017,9,428,47565
CLP18,WEST END LIBRARY,2017,10,469,52920
CLP18,WEST END LIBRARY,2017,11,369,52227
CLP18,WEST END LIBRARY,2017,12,231,25066
CLP18,WEST END LIBRARY,2018,1,268,27475
CLP18,WEST END LIBRARY,2018,2,309,30081
CLP18,WEST END LIBRARY,2018,3,314,38550
CLP18,WEST END LIBRARY,2018,4,256,27402
CLP19,WOODS RUN LIBRARY,2016,1,493,69064
CLP19,WOODS RUN LIBRARY,2016,2,541,67096
CLP19,WOODS RUN LIBRARY,2016,3,596,79505
CLP19,WOODS RUN LIBRARY,2016,4,568,73314
CLP19,WOODS RUN LIBRARY,2016,5,816,104385
CLP19,WOODS RUN LIBRARY,2016,6,854,119649
CLP19,WOODS RUN LIBRARY,2016,7,910,121013
CLP19,WOODS RUN LIBRARY,2016,8,936,115524
CLP19,WOODS RUN LIBRARY,2016,9,787,113217
CLP19,WOODS RUN LIBRARY,2016,10,690,101788
CLP19,WOODS RUN LIBRARY,2016,11,766,119559
CLP19,WOODS RUN LIBRARY,2016,12,538,78865
CLP19,WOODS RUN LIBRARY,2017,1,876,120842
CLP19,WOODS RUN LIBRARY,2017,2,784,130784
CLP19,WOODS RUN LIBRARY,2017,3,736,117691
CLP19,WOODS RUN LIBRARY,2017,4,848,120800
CLP19,WOODS RUN LIBRARY,2017,5,1027,128535
CLP19,WOODS RUN LIBRARY,2017,6,1138,154001
CLP19,WOODS RUN LIBRARY,2017,7,1160,196741
CLP19,WOODS RUN LIBRARY,2017,8,1254,199824
CLP19,WOODS RUN LIBRARY,2017,9,993,158533
CLP19,WOODS RUN LIBRARY,2017,10,1136,168207
CLP19,WOODS RUN LIBRARY,2017,11,813,104126
CLP19,WOODS RUN LIBRARY,2017,12,630,79279
CLP19,WOODS RUN LIBRARY,2018,1,716,99671
CLP19,WOODS RUN LIBRARY,2018,2,778,108100
CLP19,WOODS RUN LIBRARY,2018,3,816,104073
CLP19,WOODS RUN LIBRARY,2018,4,903,107865
